[{"states":{"name":"Abia State","id":1,"locals":[{"name":"Aba North","id":1},{"name":"Aba South","id":2},{"name":"Arochukwu","id":3},{"name":"Bende","id":4},{"name":"Ikwuano","id":5},{"name":"Isiala Ngwa North","id":6},{"name":"Isiala Ngwa South","id":7},{"name":"Isuikwuato","id":8},{"name":"Obi Ngwa","id":9},{"name":"Ohafia","id":10},{"name":"Osisioma","id":11},{"name":"Ugwunagbo","id":12},{"name":"Ukwa East","id":13},{"name":"Ukwa West","id":14},{"name":"Umuahia North","id":15},{"name":"Umuahia South","id":16},{"name":"Umu Nneochi","id":17}]}},{"states":{"name":"Adamawa State","id":2,"locals":[{"name":"Demsa","id":18},{"name":"Fufure","id":19},{"name":"Ganye","id":20},{"name":"Gayuk","id":21},{"name":"Gombi","id":22},{"name":"Grie","id":23},{"name":"Hong","id":24},{"name":"Jada","id":25},{"name":"Lamurde","id":26},{"name":"Madagali","id":27},{"name":"Maiha","id":28},{"name":"Mayo Belwa","id":29},{"name":"Michika","id":30},{"name":"Mubi North","id":31},{"name":"Mubi South","id":32},{"name":"Numan","id":33},{"name":"Shelleng","id":34},{"name":"Song","id":35},{"name":"Toungo","id":36},{"name":"Yola North","id":37},{"name":"Yola South","id":38}]}},{"states":{"name":"Akwa Ibom State","id":3,"locals":[{"name":"Abak","id":39},{"name":"Eastern Obolo","id":40},{"name":"Eket","id":41},{"name":"Esit Eket","id":42},{"name":"Essien Udim","id":43},{"name":"Etim Ekpo","id":44},{"name":"Etinan","id":45},{"name":"Ibeno","id":46},{"name":"Ibesikpo Asutan","id":47},{"name":"Ibiono-Ibom","id":48},{"name":"Ika","id":49},{"name":"Ikono","id":50},{"name":"Ikot Abasi","id":51},{"name":"Ikot Ekpene","id":52},{"name":"Ini","id":53},{"name":"Itu","id":54},{"name":"Mbo","id":55},{"name":"Mkpat-Enin","id":56},{"name":"Nsit-Atai","id":57},{"name":"Nsit-Ibom","id":58},{"name":"Nsit-Ubium","id":59},{"name":"Obot Akara","id":60},{"name":"Okobo","id":61},{"name":"Onna","id":62},{"name":"Oron","id":63},{"name":"Oruk Anam","id":64},{"name":"Udung-Uko","id":65},{"name":"Ukanafun","id":66},{"name":"Uruan","id":67},{"name":"Urue-Offong\/Oruko","id":68},{"name":"Uyo","id":69}]}},{"states":{"name":"Anambra State","id":4,"locals":[{"name":"Aguata","id":70},{"name":"Anambra East","id":71},{"name":"Anambra West","id":72},{"name":"Anaocha","id":73},{"name":"Awka North","id":74},{"name":"Awka South","id":75},{"name":"Ayamelum","id":76},{"name":"Dunukofia","id":77},{"name":"Ekwusigo","id":78},{"name":"Idemili North","id":79},{"name":"Idemili South","id":80},{"name":"Ihiala","id":81},{"name":"Njikoka","id":82},{"name":"Nnewi North","id":83},{"name":"Nnewi South","id":84},{"name":"Ogbaru","id":85},{"name":"Onitsha North","id":86},{"name":"Onitsha South","id":87},{"name":"Orumba North","id":88},{"name":"Orumba South","id":89},{"name":"Oyi","id":90}]}},{"states":{"name":"Bauchi State","id":5,"locals":[{"name":"Alkaleri","id":91},{"name":"Bauchi","id":92},{"name":"Bogoro","id":93},{"name":"Damban","id":94},{"name":"Darazo","id":95},{"name":"Dass","id":96},{"name":"Gamawa","id":97},{"name":"Ganjuwa","id":98},{"name":"Giade","id":99},{"name":"Itas\/Gadau","id":100},{"name":"Jama'are","id":101},{"name":"Katagum","id":102},{"name":"Kirfi","id":103},{"name":"Misau","id":104},{"name":"Ningi","id":105},{"name":"Shira","id":106},{"name":"Tafawa Balewa","id":107},{"name":"Toro","id":108},{"name":"Warji","id":109},{"name":"Zaki","id":110}]}},{"states":{"name":"Bayelsa State","id":6,"locals":[{"name":"Brass","id":111},{"name":"Ekeremor","id":112},{"name":"Kolokuma\/Opokuma","id":113},{"name":"Nembe","id":114},{"name":"Ogbia","id":115},{"name":"Sagbama","id":116},{"name":"Southern Ijaw","id":117},{"name":"Yenagoa","id":118}]}},{"states":{"name":"Benue State","id":7,"locals":[{"name":"Agatu","id":119},{"name":"Apa","id":120},{"name":"Ado","id":121},{"name":"Buruku","id":122},{"name":"Gboko","id":123},{"name":"Guma","id":124},{"name":"Gwer East","id":125},{"name":"Gwer West","id":126},{"name":"Katsina-Ala","id":127},{"name":"Konshisha","id":128},{"name":"Kwande","id":129},{"name":"Logo","id":130},{"name":"Makurdi","id":131},{"name":"Obi","id":132},{"name":"Ogbadibo","id":133},{"name":"Ohimini","id":134},{"name":"Oju","id":135},{"name":"Okpokwu","id":136},{"name":"Oturkpo","id":137},{"name":"Tarka","id":138},{"name":"Ukum","id":139},{"name":"Ushongo","id":140},{"name":"Vandeikya","id":141}]}},{"states":{"name":"Borno State","id":8,"locals":[{"name":"Abadam","id":142},{"name":"Askira\/Uba","id":143},{"name":"Bama","id":144},{"name":"Bayo","id":145},{"name":"Biu","id":146},{"name":"Chibok","id":147},{"name":"Damboa","id":148},{"name":"Dikwa","id":149},{"name":"Gubio","id":150},{"name":"Guzamala","id":151},{"name":"Gwoza","id":152},{"name":"Hawul","id":153},{"name":"Jere","id":154},{"name":"Kaga","id":155},{"name":"Kala\/Balge","id":156},{"name":"Konduga","id":157},{"name":"Kukawa","id":158},{"name":"Kwaya Kusar","id":159},{"name":"Mafa","id":160},{"name":"Magumeri","id":161},{"name":"Maiduguri","id":162},{"name":"Marte","id":163},{"name":"Mobbar","id":164},{"name":"Monguno","id":165},{"name":"Ngala","id":166},{"name":"Nganzai","id":167},{"name":"Shani","id":168}]}},{"states":{"name":"Cross River State","id":9,"locals":[{"name":"Abi","id":169},{"name":"Akamkpa","id":170},{"name":"Akpabuyo","id":171},{"name":"Bakassi","id":172},{"name":"Bekwarra","id":173},{"name":"Biase","id":174},{"name":"Boki","id":175},{"name":"Calabar Municipal","id":176},{"name":"Calabar South","id":177},{"name":"Etung","id":178},{"name":"Ikom","id":179},{"name":"Obanliku","id":180},{"name":"Obubra","id":181},{"name":"Obudu","id":182},{"name":"Odukpani","id":183},{"name":"Ogoja","id":184},{"name":"Yakuur","id":185},{"name":"Yala","id":186}]}},{"states":{"name":"Delta State","id":10,"locals":[{"name":"Aniocha North","id":187},{"name":"Aniocha South","id":188},{"name":"Bomadi","id":189},{"name":"Burutu","id":190},{"name":"Ethiope East","id":191},{"name":"Ethiope West","id":192},{"name":"Ika North East","id":193},{"name":"Ika South","id":194},{"name":"Isoko North","id":195},{"name":"Isoko South","id":196},{"name":"Ndokwa East","id":197},{"name":"Ndokwa West","id":198},{"name":"Okpe","id":199},{"name":"Oshimili North","id":200},{"name":"Oshimili South","id":201},{"name":"Patani","id":202},{"name":"Sapele","id":203},{"name":"Udu","id":204},{"name":"Ughelli North","id":205},{"name":"Ughelli South","id":206},{"name":"Ukwuani","id":207},{"name":"Uvwie","id":208},{"name":"Warri North","id":209},{"name":"Warri South","id":210},{"name":"Warri South West","id":211}]}},{"states":{"name":"Ebonyi State","id":11,"locals":[{"name":"Abakaliki","id":212},{"name":"Afikpo North","id":213},{"name":"Afikpo South","id":214},{"name":"Ebonyi","id":215},{"name":"Ezza North","id":216},{"name":"Ezza South","id":217},{"name":"Ikwo","id":218},{"name":"Ishielu","id":219},{"name":"Ivo","id":220},{"name":"Izzi","id":221},{"name":"Ohaozara","id":222},{"name":"Ohaukwu","id":223},{"name":"Onicha","id":224}]}},{"states":{"name":"Edo State","id":12,"locals":[{"name":"Akoko-Edo","id":225},{"name":"Egor","id":226},{"name":"Esan Central","id":227},{"name":"Esan North-East","id":228},{"name":"Esan South-East","id":229},{"name":"Esan West","id":230},{"name":"Etsako Central","id":231},{"name":"Etsako East","id":232},{"name":"Etsako West","id":233},{"name":"Igueben","id":234},{"name":"Ikpoba Okha","id":235},{"name":"Orhionmwon","id":236},{"name":"Oredo","id":237},{"name":"Ovia North-East","id":238},{"name":"Ovia South-West","id":239},{"name":"Owan East","id":240},{"name":"Owan West","id":241},{"name":"Uhunmwonde","id":242}]}},{"states":{"name":"Ekiti State","id":13,"locals":[{"name":"Ado Ekiti","id":243},{"name":"Efon","id":244},{"name":"Ekiti East","id":245},{"name":"Ekiti South-West","id":246},{"name":"Ekiti West","id":247},{"name":"Emure","id":248},{"name":"Gbonyin","id":249},{"name":"Ido Osi","id":250},{"name":"Ijero","id":251},{"name":"Ikere","id":252},{"name":"Ikole","id":253},{"name":"Ilejemeje","id":254},{"name":"Irepodun\/Ifelodun","id":255},{"name":"Ise\/Orun","id":256},{"name":"Moba","id":257},{"name":"Oye","id":258}]}},{"states":{"name":"Enugu State","id":14,"locals":[{"name":"Aninri","id":259},{"name":"Awgu","id":260},{"name":"Enugu East","id":261},{"name":"Enugu North","id":262},{"name":"Enugu South","id":263},{"name":"Ezeagu","id":264},{"name":"Igbo Etiti","id":265},{"name":"Igbo Eze North","id":266},{"name":"Igbo Eze South","id":267},{"name":"Isi Uzo","id":268},{"name":"Nkanu East","id":269},{"name":"Nkanu West","id":270},{"name":"Nsukka","id":271},{"name":"Oji River","id":272},{"name":"Udenu","id":273},{"name":"Udi","id":274},{"name":"Uzo Uwani","id":275}]}},{"states":{"name":"FCT","id":15,"locals":[{"name":"Abaji","id":276},{"name":"Bwari","id":277},{"name":"Gwagwalada","id":278},{"name":"Kuje","id":279},{"name":"Kwali","id":280},{"name":"Municipal Area Council","id":281}]}},{"states":{"name":"Gombe State","id":16,"locals":[{"name":"Akko","id":282},{"name":"Balanga","id":283},{"name":"Billiri","id":284},{"name":"Dukku","id":285},{"name":"Funakaye","id":286},{"name":"Gombe","id":287},{"name":"Kaltungo","id":288},{"name":"Kwami","id":289},{"name":"Nafada","id":290},{"name":"Shongom","id":291},{"name":"Yamaltu\/Deba","id":292}]}},{"states":{"name":"Imo State","id":17,"locals":[{"name":"Aboh Mbaise","id":293},{"name":"Ahiazu Mbaise","id":294},{"name":"Ehime Mbano","id":295},{"name":"Ezinihitte","id":296},{"name":"Ideato North","id":297},{"name":"Ideato South","id":298},{"name":"Ihitte\/Uboma","id":299},{"name":"Ikeduru","id":300},{"name":"Isiala Mbano","id":301},{"name":"Isu","id":302},{"name":"Mbaitoli","id":303},{"name":"Ngor Okpala","id":304},{"name":"Njaba","id":305},{"name":"Nkwerre","id":306},{"name":"Nwangele","id":307},{"name":"Obowo","id":308},{"name":"Oguta","id":309},{"name":"Ohaji\/Egbema","id":310},{"name":"Okigwe","id":311},{"name":"Orlu","id":312},{"name":"Orsu","id":313},{"name":"Oru East","id":314},{"name":"Oru West","id":315},{"name":"Owerri Municipal","id":316},{"name":"Owerri North","id":317},{"name":"Owerri West","id":318},{"name":"Unuimo","id":319}]}},{"states":{"name":"Jigawa State","id":18,"locals":[{"name":"Auyo","id":320},{"name":"Babura","id":321},{"name":"Biriniwa","id":322},{"name":"Birnin Kudu","id":323},{"name":"Buji","id":324},{"name":"Dutse","id":325},{"name":"Gagarawa","id":326},{"name":"Garki","id":327},{"name":"Gumel","id":328},{"name":"Guri","id":329},{"name":"Gwaram","id":330},{"name":"Gwiwa","id":331},{"name":"Hadejia","id":332},{"name":"Jahun","id":333},{"name":"Kafin Hausa","id":334},{"name":"Kazaure","id":335},{"name":"Kiri Kasama","id":336},{"name":"Kiyawa","id":337},{"name":"Kaugama","id":338},{"name":"Maigatari","id":339},{"name":"Malam Madori","id":340},{"name":"Miga","id":341},{"name":"Ringim","id":342},{"name":"Roni","id":343},{"name":"Sule Tankarkar","id":344},{"name":"Taura","id":345},{"name":"Yankwashi","id":346}]}},{"states":{"name":"Kaduna State","id":19,"locals":[{"name":"Birnin Gwari","id":347},{"name":"Chikun","id":348},{"name":"Giwa","id":349},{"name":"Igabi","id":350},{"name":"Ikara","id":351},{"name":"Jaba","id":352},{"name":"Jema'a","id":353},{"name":"Kachia","id":354},{"name":"Kaduna North","id":355},{"name":"Kaduna South","id":356},{"name":"Kagarko","id":357},{"name":"Kajuru","id":358},{"name":"Kaura","id":359},{"name":"Kauru","id":360},{"name":"Kubau","id":361},{"name":"Kudan","id":362},{"name":"Lere","id":363},{"name":"Makarfi","id":364},{"name":"Sabon Gari","id":365},{"name":"Sanga","id":366},{"name":"Soba","id":367},{"name":"Zangon Kataf","id":368},{"name":"Zaria","id":369}]}},{"states":{"name":"Kano State","id":20,"locals":[{"name":"Ajingi","id":370},{"name":"Albasu","id":371},{"name":"Bagwai","id":372},{"name":"Bebeji","id":373},{"name":"Bichi","id":374},{"name":"Bunkure","id":375},{"name":"Dala","id":376},{"name":"Dambatta","id":377},{"name":"Dawakin Kudu","id":378},{"name":"Dawakin Tofa","id":379},{"name":"Doguwa","id":380},{"name":"Fagge","id":381},{"name":"Gabasawa","id":382},{"name":"Garko","id":383},{"name":"Garun Mallam","id":384},{"name":"Gaya","id":385},{"name":"Gezawa","id":386},{"name":"Gwale","id":387},{"name":"Gwarzo","id":388},{"name":"Kabo","id":389},{"name":"Kano Municipal","id":390},{"name":"Karaye","id":391},{"name":"Kibiya","id":392},{"name":"Kiru","id":393},{"name":"Kumbotso","id":394},{"name":"Kunchi","id":395},{"name":"Kura","id":396},{"name":"Madobi","id":397},{"name":"Makoda","id":398},{"name":"Minjibir","id":399},{"name":"Nasarawa","id":400},{"name":"Rano","id":401},{"name":"Rimin Gado","id":402},{"name":"Rogo","id":403},{"name":"Shanono","id":404},{"name":"Sumaila","id":405},{"name":"Takai","id":406},{"name":"Tarauni","id":407},{"name":"Tofa","id":408},{"name":"Tsanyawa","id":409},{"name":"Tudun Wada","id":410},{"name":"Ungogo","id":411},{"name":"Warawa","id":412},{"name":"Wudil","id":413}]}},{"states":{"name":"Katsina State","id":21,"locals":[{"name":"Bakori","id":414},{"name":"Batagarawa","id":415},{"name":"Batsari","id":416},{"name":"Baure","id":417},{"name":"Bindawa","id":418},{"name":"Charanchi","id":419},{"name":"Dandume","id":420},{"name":"Danja","id":421},{"name":"Dan Musa","id":422},{"name":"Daura","id":423},{"name":"Dutsi","id":424},{"name":"Dutsin Ma","id":425},{"name":"Faskari","id":426},{"name":"Funtua","id":427},{"name":"Ingawa","id":428},{"name":"Jibia","id":429},{"name":"Kafur","id":430},{"name":"Kaita","id":431},{"name":"Kankara","id":432},{"name":"Kankia","id":433},{"name":"Katsina","id":434},{"name":"Kurfi","id":435},{"name":"Kusada","id":436},{"name":"Mai'Adua","id":437},{"name":"Malumfashi","id":438},{"name":"Mani","id":439},{"name":"Mashi","id":440},{"name":"Matazu","id":441},{"name":"Musawa","id":442},{"name":"Rimi","id":443},{"name":"Sabuwa","id":444},{"name":"Safana","id":445},{"name":"Sandamu","id":446},{"name":"Zango","id":447}]}},{"states":{"name":"Kebbi State","id":22,"locals":[{"name":"Aleiro","id":448},{"name":"Arewa Dandi","id":449},{"name":"Argungu","id":450},{"name":"Augie","id":451},{"name":"Bagudo","id":452},{"name":"Birnin Kebbi","id":453},{"name":"Bunza","id":454},{"name":"Dandi","id":455},{"name":"Fakai","id":456},{"name":"Gwandu","id":457},{"name":"Jega","id":458},{"name":"Kalgo","id":459},{"name":"Koko\/Besse","id":460},{"name":"Maiyama","id":461},{"name":"Ngaski","id":462},{"name":"Sakaba","id":463},{"name":"Shanga","id":464},{"name":"Suru","id":465},{"name":"Wasagu\/Danko","id":466},{"name":"Yauri","id":467},{"name":"Zuru","id":468}]}},{"states":{"name":"Kogi State","id":23,"locals":[{"name":"Adavi","id":469},{"name":"Ajaokuta","id":470},{"name":"Ankpa","id":471},{"name":"Bassa","id":472},{"name":"Dekina","id":473},{"name":"Ibaji","id":474},{"name":"Idah","id":475},{"name":"Igalamela Odolu","id":476},{"name":"Ijumu","id":477},{"name":"Kabba\/Bunu","id":478},{"name":"Kogi","id":479},{"name":"Lokoja","id":480},{"name":"Mopa Muro","id":481},{"name":"Ofu","id":482},{"name":"Ogori\/Magongo","id":483},{"name":"Okehi","id":484},{"name":"Okene","id":485},{"name":"Olamaboro","id":486},{"name":"Omala","id":487},{"name":"Yagba East","id":488},{"name":"Yagba West","id":489}]}},{"states":{"name":"Kwara State","id":24,"locals":[{"name":"Asa","id":490},{"name":"Baruten","id":491},{"name":"Edu","id":492},{"name":"Ekiti","id":493},{"name":"Ifelodun","id":494},{"name":"Ilorin East","id":495},{"name":"Ilorin South","id":496},{"name":"Ilorin West","id":497},{"name":"Irepodun","id":498},{"name":"Isin","id":499},{"name":"Kaiama","id":500},{"name":"Moro","id":501},{"name":"Offa","id":502},{"name":"Oke Ero","id":503},{"name":"Oyun","id":504},{"name":"Pategi","id":505}]}},{"states":{"name":"Lagos State","id":25,"locals":[{"name":"Agege","id":506},{"name":"Ajeromi-Ifelodun","id":507},{"name":"Alimosho","id":508},{"name":"Amuwo-Odofin","id":509},{"name":"Apapa","id":510},{"name":"Badagry","id":511},{"name":"Epe","id":512},{"name":"Eti Osa","id":513},{"name":"Ibeju-Lekki","id":514},{"name":"Ifako-Ijaiye","id":515},{"name":"Ikeja","id":516},{"name":"Ikorodu","id":517},{"name":"Kosofe","id":518},{"name":"Lagos Island","id":519},{"name":"Lagos Mainland","id":520},{"name":"Mushin","id":521},{"name":"Ojo","id":522},{"name":"Oshodi-Isolo","id":523},{"name":"Shomolu","id":524},{"name":"Surulere","id":525}]}},{"states":{"name":"Nasarawa State","id":26,"locals":[{"name":"Akwanga","id":526},{"name":"Awe","id":527},{"name":"Doma","id":528},{"name":"Karu","id":529},{"name":"Keana","id":530},{"name":"Keffi","id":531},{"name":"Kokona","id":532},{"name":"Lafia","id":533},{"name":"Nasarawa","id":534},{"name":"Nasarawa Egon","id":535},{"name":"Obi","id":536},{"name":"Toto","id":537},{"name":"Wamba","id":538}]}},{"states":{"name":"Niger State","id":27,"locals":[{"name":"Agaie","id":539},{"name":"Agwara","id":540},{"name":"Bida","id":541},{"name":"Borgu","id":542},{"name":"Bosso","id":543},{"name":"Chanchaga","id":544},{"name":"Edati","id":545},{"name":"Gbako","id":546},{"name":"Gurara","id":547},{"name":"Katcha","id":548},{"name":"Kontagora","id":549},{"name":"Lapai","id":550},{"name":"Lavun","id":551},{"name":"Magama","id":552},{"name":"Mariga","id":553},{"name":"Mashegu","id":554},{"name":"Mokwa","id":555},{"name":"Moya","id":556},{"name":"Paikoro","id":557},{"name":"Rafi","id":558},{"name":"Rijau","id":559},{"name":"Shiroro","id":560},{"name":"Suleja","id":561},{"name":"Tafa","id":562},{"name":"Wushishi","id":563}]}},{"states":{"name":"Ogun State","id":28,"locals":[{"name":"Abeokuta North","id":564},{"name":"Abeokuta South","id":565},{"name":"Ado-Odo\/Ota","id":566},{"name":"Egbado North","id":567},{"name":"Egbado South","id":568},{"name":"Ewekoro","id":569},{"name":"Ifo","id":570},{"name":"Ijebu East","id":571},{"name":"Ijebu North","id":572},{"name":"Ijebu North East","id":573},{"name":"Ijebu Ode","id":574},{"name":"Ikenne","id":575},{"name":"Imeko Afon","id":576},{"name":"Ipokia","id":577},{"name":"Obafemi Owode","id":578},{"name":"Odeda","id":579},{"name":"Odogbolu","id":580},{"name":"Ogun Waterside","id":581},{"name":"Remo North","id":582},{"name":"Shagamu","id":583}]}},{"states":{"name":"Ondo State","id":29,"locals":[{"name":"Akoko North-East","id":584},{"name":"Akoko North-West","id":585},{"name":"Akoko South-West","id":586},{"name":"Akoko South-East","id":587},{"name":"Akure North","id":588},{"name":"Akure South","id":589},{"name":"Ese Odo","id":590},{"name":"Idanre","id":591},{"name":"Ifedore","id":592},{"name":"Ilaje","id":593},{"name":"Ile Oluji\/Okeigbo","id":594},{"name":"Irele","id":595},{"name":"Odigbo","id":596},{"name":"Okitipupa","id":597},{"name":"Ondo East","id":598},{"name":"Ondo West","id":599},{"name":"Ose","id":600},{"name":"Owo","id":601}]}},{"states":{"name":"Osun State","id":30,"locals":[{"name":"Atakunmosa East","id":602},{"name":"Atakunmosa West","id":603},{"name":"Aiyedaade","id":604},{"name":"Aiyedire","id":605},{"name":"Boluwaduro","id":606},{"name":"Boripe","id":607},{"name":"Ede North","id":608},{"name":"Ede South","id":609},{"name":"Ife Central","id":610},{"name":"Ife East","id":611},{"name":"Ife North","id":612},{"name":"Ife South","id":613},{"name":"Egbedore","id":614},{"name":"Ejigbo","id":615},{"name":"Ifedayo","id":616},{"name":"Ifelodun","id":617},{"name":"Ila","id":618},{"name":"Ilesa East","id":619},{"name":"Ilesa West","id":620},{"name":"Irepodun","id":621},{"name":"Irewole","id":622},{"name":"Isokan","id":623},{"name":"Iwo","id":624},{"name":"Obokun","id":625},{"name":"Odo Otin","id":626},{"name":"Ola Oluwa","id":627},{"name":"Olorunda","id":628},{"name":"Oriade","id":629},{"name":"Orolu","id":630},{"name":"Osogbo","id":631}]}},{"states":{"name":"Oyo State","id":31,"locals":[{"name":"Afijio","id":632},{"name":"Akinyele","id":633},{"name":"Atiba","id":634},{"name":"Atisbo","id":635},{"name":"Egbeda","id":636},{"name":"Ibadan North","id":637},{"name":"Ibadan North-East","id":638},{"name":"Ibadan North-West","id":639},{"name":"Ibadan South-East","id":640},{"name":"Ibadan South-West","id":641},{"name":"Ibarapa Central","id":642},{"name":"Ibarapa East","id":643},{"name":"Ibarapa North","id":644},{"name":"Ido","id":645},{"name":"Irepo","id":646},{"name":"Iseyin","id":647},{"name":"Itesiwaju","id":648},{"name":"Iwajowa","id":649},{"name":"Kajola","id":650},{"name":"Lagelu","id":651},{"name":"Ogbomosho North","id":652},{"name":"Ogbomosho South","id":653},{"name":"Ogo Oluwa","id":654},{"name":"Olorunsogo","id":655},{"name":"Oluyole","id":656},{"name":"Ona Ara","id":657},{"name":"Orelope","id":658},{"name":"Ori Ire","id":659},{"name":"Oyo","id":660},{"name":"Oyo East","id":661},{"name":"Saki East","id":662},{"name":"Saki West","id":663},{"name":"Surulere","id":664}]}},{"states":{"name":"Plateau State","id":32,"locals":[{"name":"Bokkos","id":665},{"name":"Barkin Ladi","id":666},{"name":"Bassa","id":667},{"name":"Jos East","id":668},{"name":"Jos North","id":669},{"name":"Jos South","id":670},{"name":"Kanam","id":671},{"name":"Kanke","id":672},{"name":"Langtang South","id":673},{"name":"Langtang North","id":674},{"name":"Mangu","id":675},{"name":"Mikang","id":676},{"name":"Pankshin","id":677},{"name":"Qua'an Pan","id":678},{"name":"Riyom","id":679},{"name":"Shendam","id":680},{"name":"Wase","id":681}]}},{"states":{"name":"Rivers State","id":33,"locals":[{"name":"Abua\/Odual","id":682},{"name":"Ahoada East","id":683},{"name":"Ahoada West","id":684},{"name":"Akuku-Toru","id":685},{"name":"Andoni","id":686},{"name":"Asari-Toru","id":687},{"name":"Bonny","id":688},{"name":"Degema","id":689},{"name":"Eleme","id":690},{"name":"Emuoha","id":691},{"name":"Etche","id":692},{"name":"Gokana","id":693},{"name":"Ikwerre","id":694},{"name":"Khana","id":695},{"name":"Obio\/Akpor","id":696},{"name":"Ogba\/Egbema\/Ndoni","id":697},{"name":"Ogu\/Bolo","id":698},{"name":"Okrika","id":699},{"name":"Omuma","id":700},{"name":"Opobo\/Nkoro","id":701},{"name":"Oyigbo","id":702},{"name":"Port Harcourt","id":703},{"name":"Tai","id":704}]}},{"states":{"name":"Sokoto State","id":34,"locals":[{"name":"Binji","id":705},{"name":"Bodinga","id":706},{"name":"Dange Shuni","id":707},{"name":"Gada","id":708},{"name":"Goronyo","id":709},{"name":"Gudu","id":710},{"name":"Gwadabawa","id":711},{"name":"Illela","id":712},{"name":"Isa","id":713},{"name":"Kebbe","id":714},{"name":"Kware","id":715},{"name":"Rabah","id":716},{"name":"Sabon Birni","id":717},{"name":"Shagari","id":718},{"name":"Silame","id":719},{"name":"Sokoto North","id":720},{"name":"Sokoto South","id":721},{"name":"Tambuwal","id":722},{"name":"Tangaza","id":723},{"name":"Tureta","id":724},{"name":"Wamako","id":725},{"name":"Wurno","id":726},{"name":"Yabo","id":727}]}},{"states":{"name":"Taraba State","id":35,"locals":[{"name":"Ardo Kola","id":728},{"name":"Bali","id":729},{"name":"Donga","id":730},{"name":"Gashaka","id":731},{"name":"Gassol","id":732},{"name":"Ibi","id":733},{"name":"Jalingo","id":734},{"name":"Karim Lamido","id":735},{"name":"Kumi","id":736},{"name":"Lau","id":737},{"name":"Sardauna","id":738},{"name":"Takum","id":739},{"name":"Ussa","id":740},{"name":"Wukari","id":741},{"name":"Yorro","id":742},{"name":"Zing","id":743}]}},{"states":{"name":"Yobe State","id":36,"locals":[{"name":"Bade","id":744},{"name":"Bursari","id":745},{"name":"Damaturu","id":746},{"name":"Fika","id":747},{"name":"Fune","id":748},{"name":"Geidam","id":749},{"name":"Gujba","id":750},{"name":"Gulani","id":751},{"name":"Jakusko","id":752},{"name":"Karasuwa","id":753},{"name":"Machina","id":754},{"name":"Nangere","id":755},{"name":"Nguru","id":756},{"name":"Potiskum","id":757},{"name":"Tarmuwa","id":758},{"name":"Yunusari","id":759},{"name":"Yusufari","id":760}]}},{"states":{"name":"Zamfara State","id":37,"locals":[{"name":"Anka","id":761},{"name":"Bakura","id":762},{"name":"Birnin Magaji\/Kiyaw","id":763},{"name":"Bukkuyum","id":764},{"name":"Bungudu","id":765},{"name":"Gummi","id":766},{"name":"Gusau","id":767},{"name":"Kaura Namoda","id":768},{"name":"Maradun","id":769},{"name":"Maru","id":770},{"name":"Shinkafi","id":771},{"name":"Talata Mafara","id":772},{"name":"Chafe","id":773},{"name":"Zurmi","id":774}]}}]